,dom_medical,dom_social,train_scratch,size,dom_general,model,arc,f1
0,0.0,0.0,1.0,2.0,1.0,BERT,1.0,0.7096774193548386
1,0.0,0.0,1.0,2.0,1.0,BERT,1.0,0.7113402061855669
2,0.0,0.0,1.0,2.0,1.0,BERT,1.0,0.6993987975951903
3,0.0,0.0,1.0,2.0,1.0,BERT,1.0,0.6944444444444444
4,0.0,0.0,1.0,2.0,1.0,BERT,1.0,0.6992031872509962
5,0.0,0.0,1.0,2.0,1.0,BERT,1.0,0.7109704641350211
6,0.0,0.0,1.0,2.0,1.0,BERT,1.0,0.7017543859649122
7,0.0,0.0,1.0,2.0,1.0,BERT,1.0,0.6976284584980238
8,0.0,0.0,1.0,2.0,1.0,BERT,1.0,0.6912350597609562
9,0.0,0.0,1.0,2.0,1.0,BERT,1.0,0.7051546391752577
10,0.0,0.0,1.0,2.0,1.0,BERT,1.0,0.7166324435318274
11,0.0,0.0,1.0,2.0,1.0,BERT,1.0,0.6984126984126985
12,0.0,0.0,1.0,2.0,1.0,BERT,1.0,0.6995884773662552
13,0.0,0.0,1.0,2.0,1.0,BERT,1.0,0.6876310272536688
14,0.0,0.0,1.0,2.0,1.0,BERT,1.0,0.7042253521126761
15,0.0,0.0,1.0,2.0,1.0,BERT,1.0,0.6924643584521385
16,0.0,0.0,1.0,2.0,1.0,BERT,1.0,0.7038539553752535
17,0.0,0.0,1.0,2.0,1.0,BERT,1.0,0.698
18,0.0,0.0,1.0,2.0,1.0,BERT,1.0,0.7244258872651357
19,0.0,0.0,1.0,2.0,1.0,BERT,1.0,0.6968421052631579
20,0.0,0.0,1.0,2.0,1.0,BERT,1.0,0.7039337474120082
21,0.0,0.0,1.0,2.0,1.0,BERT,1.0,0.7056451612903225
22,0.0,0.0,1.0,2.0,1.0,BERT,1.0,0.7151767151767152
23,0.0,0.0,1.0,2.0,1.0,BERT,1.0,0.68937875751503
24,0.0,0.0,1.0,2.0,1.0,BERT,1.0,0.6987951807228916
25,0.0,0.0,1.0,2.0,1.0,BERT,1.0,0.7096114519427402
26,0.0,0.0,1.0,2.0,1.0,BERT,1.0,0.6918367346938775
27,0.0,0.0,1.0,2.0,1.0,BERT,1.0,0.7018255578093306
28,0.0,0.0,1.0,2.0,1.0,BERT,1.0,0.7068607068607069
29,0.0,0.0,1.0,2.0,1.0,BERT,1.0,0.6970954356846473
30,0.0,0.0,1.0,1.0,1.0,DISTILBERT,1.0,0.6911764705882354
31,0.0,0.0,1.0,1.0,1.0,DISTILBERT,1.0,0.6742268041237113
32,0.0,0.0,1.0,1.0,1.0,DISTILBERT,1.0,0.6866952789699571
33,0.0,0.0,1.0,1.0,1.0,DISTILBERT,1.0,0.6885593220338984
34,0.0,0.0,1.0,1.0,1.0,DISTILBERT,1.0,0.6804347826086957
35,0.0,0.0,1.0,1.0,1.0,DISTILBERT,1.0,0.6789366053169735
36,0.0,0.0,1.0,1.0,1.0,DISTILBERT,1.0,0.6919739696312364
37,0.0,0.0,1.0,1.0,1.0,DISTILBERT,1.0,0.6819172113289761
38,0.0,0.0,1.0,1.0,1.0,DISTILBERT,1.0,0.6972281449893389
39,0.0,0.0,1.0,1.0,1.0,DISTILBERT,1.0,0.6824742268041237
40,0.0,0.0,1.0,1.0,1.0,DISTILBERT,1.0,0.6660039761431411
41,0.0,0.0,1.0,1.0,1.0,DISTILBERT,1.0,0.6875
42,0.0,0.0,1.0,1.0,1.0,DISTILBERT,1.0,0.6809815950920246
43,0.0,0.0,1.0,1.0,1.0,DISTILBERT,1.0,0.6561844863731656
44,0.0,0.0,1.0,1.0,1.0,DISTILBERT,1.0,0.6767676767676767
45,0.0,0.0,1.0,1.0,1.0,DISTILBERT,1.0,0.690376569037657
46,0.0,0.0,1.0,1.0,1.0,DISTILBERT,1.0,0.6855345911949685
47,0.0,0.0,1.0,1.0,1.0,DISTILBERT,1.0,0.6795454545454546
48,0.0,0.0,1.0,1.0,1.0,DISTILBERT,1.0,0.6876267748478702
49,0.0,0.0,1.0,1.0,1.0,DISTILBERT,1.0,0.6939203354297694
50,0.0,0.0,1.0,1.0,1.0,DISTILBERT,1.0,0.6859504132231405
51,0.0,0.0,1.0,1.0,1.0,DISTILBERT,1.0,0.6791666666666668
52,0.0,0.0,1.0,1.0,1.0,DISTILBERT,1.0,0.6991701244813278
53,0.0,0.0,1.0,1.0,1.0,DISTILBERT,1.0,0.6864035087719299
54,0.0,0.0,1.0,1.0,1.0,DISTILBERT,1.0,0.6820083682008368
55,0.0,0.0,1.0,1.0,1.0,DISTILBERT,1.0,0.7027600849256901
56,0.0,0.0,1.0,1.0,1.0,DISTILBERT,1.0,0.7071583514099783
57,0.0,0.0,1.0,1.0,1.0,DISTILBERT,1.0,0.6894409937888198
58,0.0,0.0,1.0,1.0,1.0,DISTILBERT,1.0,0.6852248394004282
59,0.0,0.0,1.0,1.0,1.0,DISTILBERT,1.0,0.6841004184100419
60,0.0,0.0,1.0,2.0,1.0,SPANBERT,1.0,0.7136563876651981
61,0.0,0.0,1.0,2.0,1.0,SPANBERT,1.0,0.6803455723542117
62,0.0,0.0,1.0,2.0,1.0,SPANBERT,1.0,0.7042253521126761
63,0.0,0.0,1.0,2.0,1.0,SPANBERT,1.0,0.663286004056795
64,0.0,0.0,1.0,2.0,1.0,SPANBERT,1.0,0.6766595289079229
65,0.0,0.0,1.0,2.0,1.0,SPANBERT,1.0,0.6714285714285714
66,0.0,0.0,1.0,2.0,1.0,SPANBERT,1.0,0.6826722338204592
67,0.0,0.0,1.0,2.0,1.0,SPANBERT,1.0,0.7127882599580712
68,0.0,0.0,1.0,2.0,1.0,SPANBERT,1.0,0.6618556701030928
69,0.0,0.0,1.0,2.0,1.0,SPANBERT,1.0,0.6704545454545454
70,0.0,0.0,1.0,2.0,1.0,SPANBERT,1.0,0.6928104575163399
72,0.0,0.0,1.0,2.0,1.0,SPANBERT,1.0,0.6943231441048034
74,0.0,0.0,1.0,2.0,1.0,SPANBERT,1.0,0.7041942604856511
75,0.0,0.0,1.0,2.0,1.0,SPANBERT,1.0,0.6911764705882353
76,0.0,0.0,1.0,2.0,1.0,SPANBERT,1.0,0.6787234042553192
77,0.0,0.0,1.0,2.0,1.0,SPANBERT,1.0,0.6694045174537988
78,0.0,0.0,1.0,2.0,1.0,SPANBERT,1.0,0.7039473684210527
80,0.0,0.0,1.0,2.0,1.0,SPANBERT,1.0,0.7024070021881837
81,0.0,0.0,1.0,2.0,1.0,SPANBERT,1.0,0.6980728051391863
82,0.0,0.0,1.0,2.0,1.0,SPANBERT,1.0,0.6871035940803383
83,0.0,0.0,1.0,2.0,1.0,SPANBERT,1.0,0.7004310344827587
84,0.0,0.0,1.0,2.0,1.0,SPANBERT,1.0,0.7174392935982339
86,0.0,0.0,1.0,2.0,1.0,SPANBERT,1.0,0.7034632034632036
87,0.0,0.0,1.0,2.0,1.0,SPANBERT,1.0,0.7006651884700665
89,0.0,0.0,1.0,2.0,1.0,SPANBERT,1.0,0.6956521739130436
90,0.0,0.0,1.0,2.0,1.0,ROBERTA,1.0,0.6731182795698925
91,0.0,0.0,1.0,2.0,1.0,ROBERTA,1.0,0.6357758620689654
93,0.0,0.0,1.0,2.0,1.0,ROBERTA,1.0,0.6532438478747202
94,0.0,0.0,1.0,2.0,1.0,ROBERTA,1.0,0.6177105831533477
95,0.0,0.0,1.0,2.0,1.0,ROBERTA,1.0,0.662280701754386
96,0.0,0.0,1.0,2.0,1.0,ROBERTA,1.0,0.6419491525423728
97,0.0,0.0,1.0,2.0,1.0,ROBERTA,1.0,0.645021645021645
98,0.0,0.0,1.0,2.0,1.0,ROBERTA,1.0,0.6598360655737705
99,0.0,0.0,1.0,2.0,1.0,ROBERTA,1.0,0.6551724137931035
100,0.0,0.0,1.0,2.0,1.0,ROBERTA,1.0,0.6326530612244898
102,0.0,0.0,1.0,2.0,1.0,ROBERTA,1.0,0.6607538802660754
103,0.0,0.0,1.0,2.0,1.0,ROBERTA,1.0,0.640973630831643
104,0.0,0.0,1.0,2.0,1.0,ROBERTA,1.0,0.6588486140724946
105,0.0,0.0,1.0,2.0,1.0,ROBERTA,1.0,0.6547085201793722
106,0.0,0.0,1.0,2.0,1.0,ROBERTA,1.0,0.6603375527426161
107,0.0,0.0,1.0,2.0,1.0,ROBERTA,1.0,0.6696230598669624
108,0.0,0.0,1.0,2.0,1.0,ROBERTA,1.0,0.6723044397463002
109,0.0,0.0,1.0,2.0,1.0,ROBERTA,1.0,0.6631130063965885
110,0.0,0.0,1.0,2.0,1.0,ROBERTA,1.0,0.648471615720524
111,0.0,0.0,1.0,2.0,1.0,ROBERTA,1.0,0.6630669546436285
112,0.0,0.0,1.0,2.0,1.0,ROBERTA,1.0,0.6447368421052633
113,0.0,0.0,1.0,2.0,1.0,ROBERTA,1.0,0.6538461538461539
115,0.0,0.0,1.0,2.0,1.0,ROBERTA,1.0,0.6711409395973155
116,0.0,0.0,1.0,2.0,1.0,ROBERTA,1.0,0.6493506493506493
117,0.0,0.0,1.0,2.0,1.0,ROBERTA,1.0,0.6077586206896552
118,0.0,0.0,1.0,2.0,1.0,ROBERTA,1.0,0.6476793248945147
119,0.0,0.0,1.0,2.0,1.0,ROBERTA,1.0,0.6519823788546255
120,0.0,0.0,1.0,2.0,1.0,ELECTRA,1.0,0.7191011235955057
121,0.0,0.0,1.0,2.0,1.0,ELECTRA,1.0,0.6971677559912854
122,0.0,0.0,1.0,2.0,1.0,ELECTRA,1.0,0.6979591836734694
123,0.0,0.0,1.0,2.0,1.0,ELECTRA,1.0,0.7194860813704498
124,0.0,0.0,1.0,2.0,1.0,ELECTRA,1.0,0.735483870967742
125,0.0,0.0,1.0,2.0,1.0,ELECTRA,1.0,0.6939655172413793
126,0.0,0.0,1.0,2.0,1.0,ELECTRA,1.0,0.7016460905349794
127,0.0,0.0,1.0,2.0,1.0,ELECTRA,1.0,0.7084188911704311
128,0.0,0.0,1.0,2.0,1.0,ELECTRA,1.0,0.7252525252525253
129,0.0,0.0,1.0,2.0,1.0,ELECTRA,1.0,0.7066381156316917
130,0.0,0.0,1.0,2.0,1.0,ELECTRA,1.0,0.6909492273730684
131,0.0,0.0,1.0,2.0,1.0,ELECTRA,1.0,0.7606837606837608
132,0.0,0.0,1.0,2.0,1.0,ELECTRA,1.0,0.7301255230125524
133,0.0,0.0,1.0,2.0,1.0,ELECTRA,1.0,0.7294372294372293
134,0.0,0.0,1.0,2.0,1.0,ELECTRA,1.0,0.7435897435897435
135,0.0,0.0,1.0,2.0,1.0,ELECTRA,1.0,0.7068965517241379
136,0.0,0.0,1.0,2.0,1.0,ELECTRA,1.0,0.7173913043478262
137,0.0,0.0,1.0,2.0,1.0,ELECTRA,1.0,0.7370689655172413
138,0.0,0.0,1.0,2.0,1.0,ELECTRA,1.0,0.6850220264317181
139,0.0,0.0,1.0,2.0,1.0,ELECTRA,1.0,0.7436440677966102
140,0.0,0.0,1.0,2.0,1.0,ELECTRA,1.0,0.7014925373134329
141,0.0,0.0,1.0,2.0,1.0,ELECTRA,1.0,0.711111111111111
142,0.0,0.0,1.0,2.0,1.0,ELECTRA,1.0,0.7364016736401674
143,0.0,0.0,1.0,2.0,1.0,ELECTRA,1.0,0.7182203389830508
144,0.0,0.0,1.0,2.0,1.0,ELECTRA,1.0,0.6993736951983298
145,0.0,0.0,1.0,2.0,1.0,ELECTRA,1.0,0.7413793103448276
146,0.0,0.0,1.0,2.0,1.0,ELECTRA,1.0,0.7161290322580645
147,0.0,0.0,1.0,2.0,1.0,ELECTRA,1.0,0.7276595744680852
148,0.0,0.0,1.0,2.0,1.0,ELECTRA,1.0,0.7052401746724891
149,0.0,0.0,1.0,2.0,1.0,ELECTRA,1.0,0.7272727272727273
180,0.0,0.0,1.0,2.0,1.0,XLNET,2.0,0.7274590163934426
181,0.0,0.0,1.0,2.0,1.0,XLNET,2.0,0.7145669291338582
182,0.0,0.0,1.0,2.0,1.0,XLNET,2.0,0.7068273092369478
183,0.0,0.0,1.0,2.0,1.0,XLNET,2.0,0.7256461232604374
184,0.0,0.0,1.0,2.0,1.0,XLNET,2.0,0.7231404958677685
185,0.0,0.0,1.0,2.0,1.0,XLNET,2.0,0.7154308617234469
186,0.0,0.0,1.0,2.0,1.0,XLNET,2.0,0.7048192771084337
187,0.0,0.0,1.0,2.0,1.0,XLNET,2.0,0.710204081632653
188,0.0,0.0,1.0,2.0,1.0,XLNET,2.0,0.7148760330578512
189,0.0,0.0,1.0,2.0,1.0,XLNET,2.0,0.7214137214137214
190,0.0,0.0,1.0,2.0,1.0,XLNET,2.0,0.7205588822355289
191,0.0,0.0,1.0,2.0,1.0,XLNET,2.0,0.7
192,0.0,0.0,1.0,2.0,1.0,XLNET,2.0,0.707070707070707
193,0.0,0.0,1.0,2.0,1.0,XLNET,2.0,0.7254098360655739
194,0.0,0.0,1.0,2.0,1.0,XLNET,2.0,0.7202505219206681
195,0.0,0.0,1.0,2.0,1.0,XLNET,2.0,0.7325102880658435
196,0.0,0.0,1.0,2.0,1.0,XLNET,2.0,0.7191235059760958
197,0.0,0.0,1.0,2.0,1.0,XLNET,2.0,0.722457627118644
198,0.0,0.0,1.0,2.0,1.0,XLNET,2.0,0.710891089108911
199,0.0,0.0,1.0,2.0,1.0,XLNET,2.0,0.7037773359840954
200,0.0,0.0,1.0,2.0,1.0,XLNET,2.0,0.7261904761904762
201,0.0,0.0,1.0,2.0,1.0,XLNET,2.0,0.7283702213279677
202,0.0,0.0,1.0,2.0,1.0,XLNET,2.0,0.7227926078028747
203,0.0,0.0,1.0,2.0,1.0,XLNET,2.0,0.7016806722689075
204,0.0,0.0,1.0,2.0,1.0,XLNET,2.0,0.7142857142857143
205,0.0,0.0,1.0,2.0,1.0,XLNET,2.0,0.7039215686274509
206,0.0,0.0,1.0,2.0,1.0,XLNET,2.0,0.7261410788381742
207,0.0,0.0,1.0,2.0,1.0,XLNET,2.0,0.7079107505070994
208,0.0,0.0,1.0,2.0,1.0,XLNET,2.0,0.7075664621676891
209,0.0,0.0,1.0,2.0,1.0,XLNET,2.0,0.710261569416499
210,0.0,0.0,1.0,2.0,1.0,GPT2,2.0,0.2590233545647559
211,0.0,0.0,1.0,2.0,1.0,GPT2,2.0,0.2773109243697479
212,0.0,0.0,1.0,2.0,1.0,GPT2,2.0,0.2857142857142857
213,0.0,0.0,1.0,2.0,1.0,GPT2,2.0,0.286697247706422
214,0.0,0.0,1.0,2.0,1.0,GPT2,2.0,0.1865136298421808
215,0.0,0.0,1.0,2.0,1.0,GPT2,2.0,0.17341977309562398
216,0.0,0.0,1.0,2.0,1.0,GPT2,2.0,0.3
217,0.0,0.0,1.0,2.0,1.0,GPT2,2.0,0.2611464968152866
218,0.0,0.0,1.0,2.0,1.0,GPT2,2.0,0.19383259911894274
219,0.0,0.0,1.0,2.0,1.0,GPT2,2.0,0.2807017543859649
220,0.0,0.0,1.0,2.0,1.0,GPT2,2.0,0.29596412556053814
221,0.0,0.0,1.0,2.0,1.0,GPT2,2.0,0.27608695652173915
222,0.0,0.0,1.0,2.0,1.0,GPT2,2.0,0.2412177985948478
223,0.0,0.0,1.0,2.0,1.0,GPT2,2.0,0.26258205689277897
224,0.0,0.0,1.0,2.0,1.0,GPT2,2.0,0.27253218884120173
225,0.0,0.0,1.0,2.0,1.0,GPT2,2.0,0.2838709677419355
226,0.0,0.0,1.0,2.0,1.0,GPT2,2.0,0.2782426778242678
227,0.0,0.0,1.0,2.0,1.0,GPT2,2.0,0.26597938144329897
228,0.0,0.0,1.0,2.0,1.0,GPT2,2.0,0.20989505247376314
229,0.0,0.0,1.0,2.0,1.0,GPT2,2.0,0.29545454545454547
230,0.0,0.0,1.0,2.0,1.0,GPT2,2.0,0.27499999999999997
231,0.0,0.0,1.0,2.0,1.0,GPT2,2.0,0.18955223880597014
232,0.0,0.0,1.0,2.0,1.0,GPT2,2.0,0.27521008403361347
233,0.0,0.0,1.0,2.0,1.0,GPT2,2.0,0.26175869120654394
234,0.0,0.0,1.0,2.0,1.0,GPT2,2.0,0.24358974358974356
235,0.0,0.0,1.0,2.0,1.0,GPT2,2.0,0.26069246435845217
236,0.0,0.0,1.0,2.0,1.0,GPT2,2.0,0.28028503562945367
237,0.0,0.0,1.0,2.0,1.0,GPT2,2.0,0.2377777777777778
238,0.0,0.0,1.0,2.0,1.0,GPT2,2.0,0.25349301397205587
239,0.0,0.0,1.0,2.0,1.0,GPT2,2.0,0.2689243027888446
240,0.0,0.0,1.0,3.0,1.0,T5,3.0,0.7042889390519187
241,0.0,0.0,1.0,3.0,1.0,T5,3.0,0.7231759656652361
242,0.0,0.0,1.0,3.0,1.0,T5,3.0,0.7213483146067416
243,0.0,0.0,1.0,3.0,1.0,T5,3.0,0.7429193899782134
244,0.0,0.0,1.0,3.0,1.0,T5,3.0,0.728448275862069
245,0.0,0.0,1.0,3.0,1.0,T5,3.0,0.7142857142857144
246,0.0,0.0,1.0,3.0,1.0,T5,3.0,0.7240618101545254
247,0.0,0.0,1.0,3.0,1.0,T5,3.0,0.720879120879121
248,0.0,0.0,1.0,3.0,1.0,T5,3.0,0.7220902612826603
249,0.0,0.0,1.0,3.0,1.0,T5,3.0,0.7317073170731706
250,0.0,0.0,1.0,3.0,1.0,T5,3.0,0.7399103139013452
251,0.0,0.0,1.0,3.0,1.0,T5,3.0,0.7162471395881008
252,0.0,0.0,1.0,3.0,1.0,T5,3.0,0.7564655172413793
253,0.0,0.0,1.0,3.0,1.0,T5,3.0,0.7420091324200914
254,0.0,0.0,1.0,3.0,1.0,T5,3.0,0.718676122931442
255,0.0,0.0,1.0,3.0,1.0,T5,3.0,0.7235421166306696
256,0.0,0.0,1.0,3.0,1.0,T5,3.0,0.7205240174672489
257,0.0,0.0,1.0,3.0,1.0,T5,3.0,0.7172413793103448
258,0.0,0.0,1.0,3.0,1.0,T5,3.0,0.7164502164502164
259,0.0,0.0,1.0,3.0,1.0,T5,3.0,0.7340909090909091
260,0.0,0.0,1.0,3.0,1.0,T5,3.0,0.7414965986394558
261,0.0,0.0,1.0,3.0,1.0,T5,3.0,0.718676122931442
262,0.0,0.0,1.0,3.0,1.0,T5,3.0,0.7186813186813186
263,0.0,0.0,1.0,3.0,1.0,T5,3.0,0.7432432432432432
264,0.0,0.0,1.0,3.0,1.0,T5,3.0,0.7042553191489362
265,0.0,0.0,1.0,3.0,1.0,T5,3.0,0.7159090909090909
266,0.0,0.0,1.0,3.0,1.0,T5,3.0,0.720879120879121
267,0.0,0.0,1.0,3.0,1.0,T5,3.0,0.7427937915742794
268,0.0,0.0,1.0,3.0,1.0,T5,3.0,0.7429805615550755
269,0.0,0.0,1.0,3.0,1.0,T5,3.0,0.728735632183908
270,0.0,0.0,1.0,3.0,1.0,PEGASUS,3.0,0.6921241050119332
271,0.0,0.0,1.0,3.0,1.0,PEGASUS,3.0,0.6848341232227488
272,0.0,0.0,1.0,3.0,1.0,PEGASUS,3.0,0.6589861751152074
273,0.0,0.0,1.0,3.0,1.0,PEGASUS,3.0,0.6796116504854369
274,0.0,0.0,1.0,3.0,1.0,PEGASUS,3.0,0.6801909307875896
275,0.0,0.0,1.0,3.0,1.0,PEGASUS,3.0,0.6912114014251781
276,0.0,0.0,1.0,3.0,1.0,PEGASUS,3.0,0.6971046770601337
277,0.0,0.0,1.0,3.0,1.0,PEGASUS,3.0,0.6794258373205742
278,0.0,0.0,1.0,3.0,1.0,PEGASUS,3.0,0.6831460674157304
279,0.0,0.0,1.0,3.0,1.0,PEGASUS,3.0,0.6936936936936937
280,0.0,0.0,1.0,3.0,1.0,PEGASUS,3.0,0.675609756097561
281,0.0,0.0,1.0,3.0,1.0,PEGASUS,3.0,0.6813953488372093
282,0.0,0.0,1.0,3.0,1.0,PEGASUS,3.0,0.680089485458613
283,0.0,0.0,1.0,3.0,1.0,PEGASUS,3.0,0.6837416481069043
284,0.0,0.0,1.0,3.0,1.0,PEGASUS,3.0,0.6854460093896714
285,0.0,0.0,1.0,3.0,1.0,PEGASUS,3.0,0.6690140845070421
286,0.0,0.0,1.0,3.0,1.0,PEGASUS,3.0,0.6989010989010989
287,0.0,0.0,1.0,3.0,1.0,PEGASUS,3.0,0.681710213776722
288,0.0,0.0,1.0,3.0,1.0,PEGASUS,3.0,0.6762749445676276
289,0.0,0.0,1.0,3.0,1.0,PEGASUS,3.0,0.6904761904761905
290,0.0,0.0,1.0,3.0,1.0,PEGASUS,3.0,0.6912751677852349
291,0.0,0.0,1.0,3.0,1.0,PEGASUS,3.0,0.6706443914081145
292,0.0,0.0,1.0,3.0,1.0,PEGASUS,3.0,0.6527093596059114
293,0.0,0.0,1.0,3.0,1.0,PEGASUS,3.0,0.6739659367396593
294,0.0,0.0,1.0,3.0,1.0,PEGASUS,3.0,0.6808988764044944
295,0.0,0.0,1.0,3.0,1.0,PEGASUS,3.0,0.6605504587155964
296,0.0,0.0,1.0,3.0,1.0,PEGASUS,3.0,0.6715328467153285
297,0.0,0.0,1.0,3.0,1.0,PEGASUS,3.0,0.6576354679802956
298,0.0,0.0,1.0,3.0,1.0,PEGASUS,3.0,0.6752336448598131
299,0.0,0.0,1.0,3.0,1.0,PEGASUS,3.0,0.6549295774647886
300,0.0,0.0,1.0,2.0,1.0,BART,3.0,0.6607142857142856
301,0.0,0.0,1.0,2.0,1.0,BART,3.0,0.6658163265306122
302,0.0,0.0,1.0,2.0,1.0,BART,3.0,0.654320987654321
303,0.0,0.0,1.0,2.0,1.0,BART,3.0,0.6642335766423357
304,0.0,0.0,1.0,2.0,1.0,BART,3.0,0.640661938534279
305,0.0,0.0,1.0,2.0,1.0,BART,3.0,0.654320987654321
306,0.0,0.0,1.0,2.0,1.0,BART,3.0,0.6443965517241379
307,0.0,0.0,1.0,2.0,1.0,BART,3.0,0.6423173803526449
308,0.0,0.0,1.0,2.0,1.0,BART,3.0,0.6633416458852868
309,0.0,0.0,1.0,2.0,1.0,BART,3.0,0.6297297297297297
310,0.0,0.0,1.0,2.0,1.0,BART,3.0,0.6760563380281691
311,0.0,0.0,1.0,2.0,1.0,BART,3.0,0.6318407960199004
312,0.0,0.0,1.0,2.0,1.0,BART,3.0,0.6409638554216868
313,0.0,0.0,1.0,2.0,1.0,BART,3.0,0.669683257918552
314,0.0,0.0,1.0,2.0,1.0,BART,3.0,0.6477541371158392
315,0.0,0.0,1.0,2.0,1.0,BART,3.0,0.6643026004728132
316,0.0,0.0,1.0,2.0,1.0,BART,3.0,0.670673076923077
317,0.0,0.0,1.0,2.0,1.0,BART,3.0,0.6766055045871561
318,0.0,0.0,1.0,2.0,1.0,BART,3.0,0.6611374407582938
319,0.0,0.0,1.0,2.0,1.0,BART,3.0,0.6585956416464891
320,0.0,0.0,1.0,2.0,1.0,BART,3.0,0.6642857142857143
321,0.0,0.0,1.0,2.0,1.0,BART,3.0,0.6755555555555555
322,0.0,0.0,1.0,2.0,1.0,BART,3.0,0.6582278481012657
323,0.0,0.0,1.0,2.0,1.0,BART,3.0,0.6566820276497696
324,0.0,0.0,1.0,2.0,1.0,BART,3.0,0.696969696969697
325,0.0,0.0,1.0,2.0,1.0,BART,3.0,0.7016706443914081
326,0.0,0.0,1.0,2.0,1.0,BART,3.0,0.6212471131639722
327,0.0,0.0,1.0,2.0,1.0,BART,3.0,0.6622516556291391
328,0.0,0.0,1.0,2.0,1.0,BART,3.0,0.6385542168674698
329,0.0,0.0,1.0,2.0,1.0,BART,3.0,0.6644591611479029
330,0.0,1.0,1.0,3.0,0.0,BERTWEET,1.0,0.7354838709677418
331,0.0,1.0,1.0,3.0,0.0,BERTWEET,1.0,0.7053763440860215
332,0.0,1.0,1.0,3.0,0.0,BERTWEET,1.0,0.74321503131524
334,0.0,1.0,1.0,3.0,0.0,BERTWEET,1.0,0.7618025751072962
335,0.0,1.0,1.0,3.0,0.0,BERTWEET,1.0,0.7317596566523605
336,0.0,1.0,1.0,3.0,0.0,BERTWEET,1.0,0.742393509127789
339,0.0,1.0,1.0,3.0,0.0,BERTWEET,1.0,0.7473460721868365
340,0.0,1.0,1.0,3.0,0.0,BERTWEET,1.0,0.7427937915742794
341,0.0,1.0,1.0,3.0,0.0,BERTWEET,1.0,0.7510917030567685
342,0.0,1.0,1.0,3.0,0.0,BERTWEET,1.0,0.7563559322033898
343,0.0,1.0,1.0,3.0,0.0,BERTWEET,1.0,0.7554112554112554
344,0.0,1.0,1.0,3.0,0.0,BERTWEET,1.0,0.7176220806794056
345,0.0,1.0,1.0,3.0,0.0,BERTWEET,1.0,0.7364016736401673
346,0.0,1.0,1.0,3.0,0.0,BERTWEET,1.0,0.7387580299785867
347,0.0,1.0,1.0,3.0,0.0,BERTWEET,1.0,0.4018181818181818
348,0.0,1.0,1.0,3.0,0.0,BERTWEET,1.0,0.7521367521367521
349,0.0,1.0,1.0,3.0,0.0,BERTWEET,1.0,0.7569892473118279
350,0.0,1.0,1.0,3.0,0.0,BERTWEET,1.0,0.7266811279826464
351,0.0,1.0,1.0,3.0,0.0,BERTWEET,1.0,0.729957805907173
352,0.0,1.0,1.0,3.0,0.0,BERTWEET,1.0,0.7407407407407407
353,0.0,1.0,1.0,3.0,0.0,BERTWEET,1.0,0.7237113402061855
354,0.0,1.0,1.0,3.0,0.0,BERTWEET,1.0,0.7352941176470589
355,0.0,1.0,1.0,3.0,0.0,BERTWEET,1.0,0.7316561844863733
356,0.0,1.0,1.0,3.0,0.0,BERTWEET,1.0,0.7431578947368421
357,0.0,1.0,1.0,3.0,0.0,BERTWEET,1.0,0.7478813559322034
358,0.0,1.0,1.0,3.0,0.0,BERTWEET,1.0,0.7414187643020593
359,0.0,1.0,1.0,3.0,0.0,BERTWEET,1.0,0.7441860465116279
360,1.0,0.0,0.0,2.0,1.0,BIOBERT,1.0,0.6943820224719102
361,1.0,0.0,0.0,2.0,1.0,BIOBERT,1.0,0.6862745098039216
362,1.0,0.0,0.0,2.0,1.0,BIOBERT,1.0,0.6767895878524945
363,1.0,0.0,0.0,2.0,1.0,BIOBERT,1.0,0.6931106471816285
364,1.0,0.0,0.0,2.0,1.0,BIOBERT,1.0,0.6659877800407331
365,1.0,0.0,0.0,2.0,1.0,BIOBERT,1.0,0.6722689075630252
366,1.0,0.0,0.0,2.0,1.0,BIOBERT,1.0,0.6980306345733042
367,1.0,0.0,0.0,2.0,1.0,BIOBERT,1.0,0.6877637130801688
368,1.0,0.0,0.0,2.0,1.0,BIOBERT,1.0,0.6904761904761905
369,1.0,0.0,0.0,2.0,1.0,BIOBERT,1.0,0.6858407079646017
370,1.0,0.0,0.0,2.0,1.0,BIOBERT,1.0,0.6772823779193206
371,1.0,0.0,0.0,2.0,1.0,BIOBERT,1.0,0.6835443037974683
372,1.0,0.0,0.0,2.0,1.0,BIOBERT,1.0,0.6849894291754757
373,1.0,0.0,0.0,2.0,1.0,BIOBERT,1.0,0.6869747899159664
374,1.0,0.0,0.0,2.0,1.0,BIOBERT,1.0,0.6905263157894738
375,1.0,0.0,0.0,2.0,1.0,BIOBERT,1.0,0.6743215031315241
376,1.0,0.0,0.0,2.0,1.0,BIOBERT,1.0,0.6776859504132232
377,1.0,0.0,0.0,2.0,1.0,BIOBERT,1.0,0.6907449209932279
378,1.0,0.0,0.0,2.0,1.0,BIOBERT,1.0,0.6743697478991596
379,1.0,0.0,0.0,2.0,1.0,BIOBERT,1.0,0.6808510638297871
380,1.0,0.0,0.0,2.0,1.0,BIOBERT,1.0,0.6855345911949686
381,1.0,0.0,0.0,2.0,1.0,BIOBERT,1.0,0.6729957805907174
382,1.0,0.0,0.0,2.0,1.0,BIOBERT,1.0,0.6764091858037579
383,1.0,0.0,0.0,2.0,1.0,BIOBERT,1.0,0.6789587852494577
384,1.0,0.0,0.0,2.0,1.0,BIOBERT,1.0,0.672686230248307
385,1.0,0.0,0.0,2.0,1.0,BIOBERT,1.0,0.689727463312369
386,1.0,0.0,0.0,2.0,1.0,BIOBERT,1.0,0.6838842975206612
387,1.0,0.0,0.0,2.0,1.0,BIOBERT,1.0,0.6771488469601677
388,1.0,0.0,0.0,2.0,1.0,BIOBERT,1.0,0.68125
389,1.0,0.0,0.0,2.0,1.0,BIOBERT,1.0,0.6768916155419223
390,1.0,0.0,0.0,2.0,1.0,BIOCLINICALBERT,1.0,0.6602972399150743
391,1.0,0.0,0.0,2.0,1.0,BIOCLINICALBERT,1.0,0.6715481171548117
392,1.0,0.0,0.0,2.0,1.0,BIOCLINICALBERT,1.0,0.6639344262295082
393,1.0,0.0,0.0,2.0,1.0,BIOCLINICALBERT,1.0,0.6578947368421053
394,1.0,0.0,0.0,2.0,1.0,BIOCLINICALBERT,1.0,0.7027027027027026
395,1.0,0.0,0.0,2.0,1.0,BIOCLINICALBERT,1.0,0.678038379530917
396,1.0,0.0,0.0,2.0,1.0,BIOCLINICALBERT,1.0,0.6819085487077534
397,1.0,0.0,0.0,2.0,1.0,BIOCLINICALBERT,1.0,0.68125
398,1.0,0.0,0.0,2.0,1.0,BIOCLINICALBERT,1.0,0.671578947368421
399,1.0,0.0,0.0,2.0,1.0,BIOCLINICALBERT,1.0,0.6880165289256198
400,1.0,0.0,0.0,2.0,1.0,BIOCLINICALBERT,1.0,0.6796714579055442
401,1.0,0.0,0.0,2.0,1.0,BIOCLINICALBERT,1.0,0.6854166666666666
402,1.0,0.0,0.0,2.0,1.0,BIOCLINICALBERT,1.0,0.6763485477178424
403,1.0,0.0,0.0,2.0,1.0,BIOCLINICALBERT,1.0,0.6701244813278009
404,1.0,0.0,0.0,2.0,1.0,BIOCLINICALBERT,1.0,0.6531049250535332
405,1.0,0.0,0.0,2.0,1.0,BIOCLINICALBERT,1.0,0.6748466257668712
406,1.0,0.0,0.0,2.0,1.0,BIOCLINICALBERT,1.0,0.6735966735966735
407,1.0,0.0,0.0,2.0,1.0,BIOCLINICALBERT,1.0,0.6767676767676767
408,1.0,0.0,0.0,2.0,1.0,BIOCLINICALBERT,1.0,0.6794871794871794
409,1.0,0.0,0.0,2.0,1.0,BIOCLINICALBERT,1.0,0.673728813559322
410,1.0,0.0,0.0,2.0,1.0,BIOCLINICALBERT,1.0,0.6791666666666666
411,1.0,0.0,0.0,2.0,1.0,BIOCLINICALBERT,1.0,0.6953781512605043
412,1.0,0.0,0.0,2.0,1.0,BIOCLINICALBERT,1.0,0.6688172043010753
413,1.0,0.0,0.0,2.0,1.0,BIOCLINICALBERT,1.0,0.6714285714285714
414,1.0,0.0,0.0,2.0,1.0,BIOCLINICALBERT,1.0,0.675
415,1.0,0.0,0.0,2.0,1.0,BIOCLINICALBERT,1.0,0.6769230769230768
416,1.0,0.0,0.0,2.0,1.0,BIOCLINICALBERT,1.0,0.6694560669456068
417,1.0,0.0,0.0,2.0,1.0,BIOCLINICALBERT,1.0,0.6862745098039216
418,1.0,0.0,0.0,2.0,1.0,BIOCLINICALBERT,1.0,0.6876310272536688
419,1.0,0.0,0.0,2.0,1.0,BIOCLINICALBERT,1.0,0.6868686868686869
420,1.0,0.0,1.0,2.0,0.0,SCIBERT,1.0,0.6736401673640168
421,1.0,0.0,1.0,2.0,0.0,SCIBERT,1.0,0.6869918699186992
422,1.0,0.0,1.0,2.0,0.0,SCIBERT,1.0,0.657563025210084
423,1.0,0.0,1.0,2.0,0.0,SCIBERT,1.0,0.6854166666666667
424,1.0,0.0,1.0,2.0,0.0,SCIBERT,1.0,0.6847599164926931
425,1.0,0.0,1.0,2.0,0.0,SCIBERT,1.0,0.6626506024096386
426,1.0,0.0,1.0,2.0,0.0,SCIBERT,1.0,0.6781376518218624
427,1.0,0.0,1.0,2.0,0.0,SCIBERT,1.0,0.6804123711340205
428,1.0,0.0,1.0,2.0,0.0,SCIBERT,1.0,0.6794354838709676
429,1.0,0.0,1.0,2.0,0.0,SCIBERT,1.0,0.6645021645021644
430,1.0,0.0,1.0,2.0,0.0,SCIBERT,1.0,0.6838842975206612
431,1.0,0.0,1.0,2.0,0.0,SCIBERT,1.0,0.6666666666666667
432,1.0,0.0,1.0,2.0,0.0,SCIBERT,1.0,0.6778242677824267
433,1.0,0.0,1.0,2.0,0.0,SCIBERT,1.0,0.6714579055441477
434,1.0,0.0,1.0,2.0,0.0,SCIBERT,1.0,0.6873706004140787
435,1.0,0.0,1.0,2.0,0.0,SCIBERT,1.0,0.6963470319634703
436,1.0,0.0,1.0,2.0,0.0,SCIBERT,1.0,0.6923076923076922
437,1.0,0.0,1.0,2.0,0.0,SCIBERT,1.0,0.6796536796536796
438,1.0,0.0,1.0,2.0,0.0,SCIBERT,1.0,0.6722689075630253
439,1.0,0.0,1.0,2.0,0.0,SCIBERT,1.0,0.6821862348178137
440,1.0,0.0,1.0,2.0,0.0,SCIBERT,1.0,0.6944444444444444
441,1.0,0.0,1.0,2.0,0.0,SCIBERT,1.0,0.6984478935698447
442,1.0,0.0,1.0,2.0,0.0,SCIBERT,1.0,0.6723768736616702
443,1.0,0.0,1.0,2.0,0.0,SCIBERT,1.0,0.6900212314225053
444,1.0,0.0,1.0,2.0,0.0,SCIBERT,1.0,0.6877551020408164
445,1.0,0.0,1.0,2.0,0.0,SCIBERT,1.0,0.6914893617021277
446,1.0,0.0,1.0,2.0,0.0,SCIBERT,1.0,0.6848739495798319
447,1.0,0.0,1.0,2.0,0.0,SCIBERT,1.0,0.6701030927835052
448,1.0,0.0,1.0,2.0,0.0,SCIBERT,1.0,0.6735537190082646
449,1.0,0.0,1.0,2.0,0.0,SCIBERT,1.0,0.6872427983539094
450,1.0,0.0,1.0,2.0,0.0,PUBMEDBERT,1.0,0.6982758620689654
451,1.0,0.0,1.0,2.0,0.0,PUBMEDBERT,1.0,0.706140350877193
452,1.0,0.0,1.0,2.0,0.0,PUBMEDBERT,1.0,0.7246696035242292
453,1.0,0.0,1.0,2.0,0.0,PUBMEDBERT,1.0,0.6816239316239316
454,1.0,0.0,1.0,2.0,0.0,PUBMEDBERT,1.0,0.7021739130434782
455,1.0,0.0,1.0,2.0,0.0,PUBMEDBERT,1.0,0.665314401622718
456,1.0,0.0,1.0,2.0,0.0,PUBMEDBERT,1.0,0.7142857142857142
457,1.0,0.0,1.0,2.0,0.0,PUBMEDBERT,1.0,0.6885245901639344
458,1.0,0.0,1.0,2.0,0.0,PUBMEDBERT,1.0,0.7142857142857142
459,1.0,0.0,1.0,2.0,0.0,PUBMEDBERT,1.0,0.7050209205020921
460,1.0,0.0,1.0,2.0,0.0,PUBMEDBERT,1.0,0.677618069815195
461,1.0,0.0,1.0,2.0,0.0,PUBMEDBERT,1.0,0.6828752642706131
462,1.0,0.0,1.0,2.0,0.0,PUBMEDBERT,1.0,0.6978260869565218
463,1.0,0.0,1.0,2.0,0.0,PUBMEDBERT,1.0,0.5774647887323943
464,1.0,0.0,1.0,2.0,0.0,PUBMEDBERT,1.0,0.7092511013215858
465,1.0,0.0,1.0,2.0,0.0,PUBMEDBERT,1.0,0.7257019438444925
466,1.0,0.0,1.0,2.0,0.0,PUBMEDBERT,1.0,0.6842105263157895
467,1.0,0.0,1.0,2.0,0.0,PUBMEDBERT,1.0,0.7044967880085653
468,1.0,0.0,1.0,2.0,0.0,PUBMEDBERT,1.0,0.706401766004415
469,1.0,0.0,1.0,2.0,0.0,PUBMEDBERT,1.0,0.7065462753950339
470,1.0,0.0,1.0,2.0,0.0,PUBMEDBERT,1.0,0.6929637526652452
471,1.0,0.0,1.0,2.0,0.0,PUBMEDBERT,1.0,0.7056277056277057
472,1.0,0.0,1.0,2.0,0.0,PUBMEDBERT,1.0,0.683991683991684
473,1.0,0.0,1.0,2.0,0.0,PUBMEDBERT,1.0,0.7195652173913044
474,1.0,0.0,1.0,2.0,0.0,PUBMEDBERT,1.0,0.6909871244635193
475,1.0,0.0,1.0,2.0,0.0,PUBMEDBERT,1.0,0.7229437229437229
476,1.0,0.0,1.0,2.0,0.0,PUBMEDBERT,1.0,0.7057569296375267
477,1.0,0.0,1.0,2.0,0.0,PUBMEDBERT,1.0,0.721132897603486
478,1.0,0.0,1.0,2.0,0.0,PUBMEDBERT,1.0,0.7049891540130153
479,1.0,0.0,1.0,2.0,0.0,PUBMEDBERT,1.0,0.5539906103286384
480,1.0,1.0,0.0,3.0,0.0,ENDRBERT,1.0,0.7073170731707319
481,1.0,1.0,0.0,3.0,0.0,ENDRBERT,1.0,0.6982248520710059
482,1.0,1.0,0.0,3.0,0.0,ENDRBERT,1.0,0.7134020618556702
483,1.0,1.0,0.0,3.0,0.0,ENDRBERT,1.0,0.7259713701431492
484,1.0,1.0,0.0,3.0,0.0,ENDRBERT,1.0,0.7171717171717172
485,1.0,1.0,0.0,3.0,0.0,ENDRBERT,1.0,0.6983122362869199
486,1.0,1.0,0.0,3.0,0.0,ENDRBERT,1.0,0.7077534791252486
487,1.0,1.0,0.0,3.0,0.0,ENDRBERT,1.0,0.717434869739479
488,1.0,1.0,0.0,3.0,0.0,ENDRBERT,1.0,0.7192622950819673
489,1.0,1.0,0.0,3.0,0.0,ENDRBERT,1.0,0.7181069958847737
490,1.0,1.0,0.0,3.0,0.0,ENDRBERT,1.0,0.7025948103792415
491,1.0,1.0,0.0,3.0,0.0,ENDRBERT,1.0,0.7160000000000002
492,1.0,1.0,0.0,3.0,0.0,ENDRBERT,1.0,0.7137014314928426
493,1.0,1.0,0.0,3.0,0.0,ENDRBERT,1.0,0.7065868263473054
494,1.0,1.0,0.0,3.0,0.0,ENDRBERT,1.0,0.7017543859649124
495,1.0,1.0,0.0,3.0,0.0,ENDRBERT,1.0,0.7068273092369478
496,1.0,1.0,0.0,3.0,0.0,ENDRBERT,1.0,0.7276507276507276
497,1.0,1.0,0.0,3.0,0.0,ENDRBERT,1.0,0.7105263157894738
498,1.0,1.0,0.0,3.0,0.0,ENDRBERT,1.0,0.692
499,1.0,1.0,0.0,3.0,0.0,ENDRBERT,1.0,0.7020000000000001
500,1.0,1.0,0.0,3.0,0.0,ENDRBERT,1.0,0.7142857142857142
501,1.0,1.0,0.0,3.0,0.0,ENDRBERT,1.0,0.6988188976377954
502,1.0,1.0,0.0,3.0,0.0,ENDRBERT,1.0,0.6971544715447155
503,1.0,1.0,0.0,3.0,0.0,ENDRBERT,1.0,0.7098765432098765
504,1.0,1.0,0.0,3.0,0.0,ENDRBERT,1.0,0.6986301369863014
505,1.0,1.0,0.0,3.0,0.0,ENDRBERT,1.0,0.7272727272727272
506,1.0,1.0,0.0,3.0,0.0,ENDRBERT,1.0,0.7139959432048681
507,1.0,1.0,0.0,3.0,0.0,ENDRBERT,1.0,0.7020000000000001
508,1.0,1.0,0.0,3.0,0.0,ENDRBERT,1.0,0.7000000000000001
509,1.0,1.0,0.0,3.0,0.0,ENDRBERT,1.0,0.7211155378486055
512,1.0,0.0,1.0,2.0,0.0,BIOELECTRA,1.0,0.6617336152219874
513,1.0,0.0,1.0,2.0,0.0,BIOELECTRA,1.0,0.6659192825112107
514,1.0,0.0,1.0,2.0,0.0,BIOELECTRA,1.0,0.7006507592190889
515,1.0,0.0,1.0,2.0,0.0,BIOELECTRA,1.0,0.6601731601731601
516,1.0,0.0,1.0,2.0,0.0,BIOELECTRA,1.0,0.67170626349892
518,1.0,0.0,1.0,2.0,0.0,BIOELECTRA,1.0,0.6824034334763949
519,1.0,0.0,1.0,2.0,0.0,BIOELECTRA,1.0,0.6425619834710744
520,1.0,0.0,1.0,2.0,0.0,BIOELECTRA,1.0,0.6940133037694013
521,1.0,0.0,1.0,2.0,0.0,BIOELECTRA,1.0,0.6695278969957081
522,1.0,0.0,1.0,2.0,0.0,BIOELECTRA,1.0,0.6694214876033058
523,1.0,0.0,1.0,2.0,0.0,BIOELECTRA,1.0,0.6666666666666667
524,1.0,0.0,1.0,2.0,0.0,BIOELECTRA,1.0,0.6589861751152074
526,1.0,0.0,1.0,2.0,0.0,BIOELECTRA,1.0,0.7002288329519452
527,1.0,0.0,1.0,2.0,0.0,BIOELECTRA,1.0,0.6726057906458797
528,1.0,0.0,1.0,2.0,0.0,BIOELECTRA,1.0,0.6470588235294118
529,1.0,0.0,1.0,2.0,0.0,BIOELECTRA,1.0,0.6790393013100436
530,1.0,0.0,1.0,2.0,0.0,BIOELECTRA,1.0,0.6804347826086956
531,1.0,0.0,1.0,2.0,0.0,BIOELECTRA,1.0,0.6926315789473684
532,1.0,0.0,1.0,2.0,0.0,BIOELECTRA,1.0,0.6810344827586207
533,1.0,0.0,1.0,2.0,0.0,BIOELECTRA,1.0,0.6594360086767895
534,1.0,0.0,1.0,2.0,0.0,BIOELECTRA,1.0,0.6637931034482759
535,1.0,0.0,1.0,2.0,0.0,BIOELECTRA,1.0,0.6801801801801802
536,1.0,0.0,1.0,2.0,0.0,BIOELECTRA,1.0,0.6858316221765913
537,1.0,0.0,1.0,2.0,0.0,BIOELECTRA,1.0,0.7015250544662309
540,1.0,0.0,0.0,2.0,1.0,BIOROBERTA,1.0,0.6303901437371663
541,1.0,0.0,0.0,2.0,1.0,BIOROBERTA,1.0,0.6274089935760172
543,1.0,0.0,0.0,2.0,1.0,BIOROBERTA,1.0,0.6385281385281386
544,1.0,0.0,0.0,2.0,1.0,BIOROBERTA,1.0,0.6336842105263157
545,1.0,0.0,0.0,2.0,1.0,BIOROBERTA,1.0,0.665938864628821
546,1.0,0.0,0.0,2.0,1.0,BIOROBERTA,1.0,0.6139240506329114
547,1.0,0.0,0.0,2.0,1.0,BIOROBERTA,1.0,0.6350515463917527
548,1.0,0.0,0.0,2.0,1.0,BIOROBERTA,1.0,0.6559829059829061
549,1.0,0.0,0.0,2.0,1.0,BIOROBERTA,1.0,0.634453781512605
550,1.0,0.0,0.0,2.0,1.0,BIOROBERTA,1.0,0.6333333333333334
551,1.0,0.0,0.0,2.0,1.0,BIOROBERTA,1.0,0.6548856548856549
552,1.0,0.0,0.0,2.0,1.0,BIOROBERTA,1.0,0.6623931623931624
553,1.0,0.0,0.0,2.0,1.0,BIOROBERTA,1.0,0.6382978723404256
554,1.0,0.0,0.0,2.0,1.0,BIOROBERTA,1.0,0.63125
555,1.0,0.0,0.0,2.0,1.0,BIOROBERTA,1.0,0.6550976138828633
556,1.0,0.0,0.0,2.0,1.0,BIOROBERTA,1.0,0.6646090534979424
557,1.0,0.0,0.0,2.0,1.0,BIOROBERTA,1.0,0.6210526315789474
558,1.0,0.0,0.0,2.0,1.0,BIOROBERTA,1.0,0.640973630831643
559,1.0,0.0,0.0,2.0,1.0,BIOROBERTA,1.0,0.6502946954813359
560,1.0,0.0,0.0,2.0,1.0,BIOROBERTA,1.0,0.6570796460176991
561,1.0,0.0,0.0,2.0,1.0,BIOROBERTA,1.0,0.6344086021505375
562,1.0,0.0,0.0,2.0,1.0,BIOROBERTA,1.0,0.6375545851528385
563,1.0,0.0,0.0,2.0,1.0,BIOROBERTA,1.0,0.6433121019108279
564,1.0,0.0,0.0,2.0,1.0,BIOROBERTA,1.0,0.6231884057971016
565,1.0,0.0,0.0,2.0,1.0,BIOROBERTA,1.0,0.6550976138828633
566,1.0,0.0,0.0,2.0,1.0,BIOROBERTA,1.0,0.6638297872340426
567,1.0,0.0,0.0,2.0,1.0,BIOROBERTA,1.0,0.670235546038544
568,1.0,0.0,0.0,2.0,1.0,BIOROBERTA,1.0,0.6395604395604396
569,1.0,0.0,0.0,2.0,1.0,BIOROBERTA,1.0,0.6659707724425886
570,1.0,0.0,0.0,3.0,1.0,SCIFIVE,3.0,0.7048458149779735
571,1.0,0.0,0.0,3.0,1.0,SCIFIVE,3.0,0.701098901098901
572,1.0,0.0,0.0,3.0,1.0,SCIFIVE,3.0,0.7114093959731544
573,1.0,0.0,0.0,3.0,1.0,SCIFIVE,3.0,0.6905311778290992
574,1.0,0.0,0.0,3.0,1.0,SCIFIVE,3.0,0.6981981981981982
575,1.0,0.0,0.0,3.0,1.0,SCIFIVE,3.0,0.7054794520547946
576,1.0,0.0,0.0,3.0,1.0,SCIFIVE,3.0,0.6794582392776525
577,1.0,0.0,0.0,3.0,1.0,SCIFIVE,3.0,0.6942528735632184
578,1.0,0.0,0.0,3.0,1.0,SCIFIVE,3.0,0.721311475409836
579,1.0,0.0,0.0,3.0,1.0,SCIFIVE,3.0,0.6784140969162996
580,1.0,0.0,0.0,3.0,1.0,SCIFIVE,3.0,0.7243735763097949
581,1.0,0.0,0.0,3.0,1.0,SCIFIVE,3.0,0.6938325991189427
582,1.0,0.0,0.0,3.0,1.0,SCIFIVE,3.0,0.6774193548387097
583,1.0,0.0,0.0,3.0,1.0,SCIFIVE,3.0,0.7000000000000001
584,1.0,0.0,0.0,3.0,1.0,SCIFIVE,3.0,0.6880733944954128
585,1.0,0.0,0.0,3.0,1.0,SCIFIVE,3.0,0.6774193548387097
586,1.0,0.0,0.0,3.0,1.0,SCIFIVE,3.0,0.7046511627906976
587,1.0,0.0,0.0,3.0,1.0,SCIFIVE,3.0,0.7080459770114942
588,1.0,0.0,0.0,3.0,1.0,SCIFIVE,3.0,0.7075471698113208
589,1.0,0.0,0.0,3.0,1.0,SCIFIVE,3.0,0.6972477064220184
590,1.0,0.0,0.0,3.0,1.0,SCIFIVE,3.0,0.7206572769953052
591,1.0,0.0,0.0,3.0,1.0,SCIFIVE,3.0,0.6793349168646082
592,1.0,0.0,0.0,3.0,1.0,SCIFIVE,3.0,0.7072599531615924
593,1.0,0.0,0.0,3.0,1.0,SCIFIVE,3.0,0.6899766899766899
594,1.0,0.0,0.0,3.0,1.0,SCIFIVE,3.0,0.7111650485436893
595,1.0,0.0,0.0,3.0,1.0,SCIFIVE,3.0,0.6609808102345416
596,1.0,0.0,0.0,3.0,1.0,SCIFIVE,3.0,0.6736596736596737
597,1.0,0.0,0.0,3.0,1.0,SCIFIVE,3.0,0.6818181818181819
598,1.0,0.0,0.0,3.0,1.0,SCIFIVE,3.0,0.7050691244239632
599,1.0,0.0,0.0,3.0,1.0,SCIFIVE,3.0,0.7158836689038033
